{"schemaVersion":"1.0","appDefinitionTemplate":{"id":"/providers/Microsoft.PowerApps/apps/","type":"Microsoft.PowerApps/apps","tags":{"primaryDeviceWidth":"1366","primaryDeviceHeight":"768","supportsPortrait":"true","supportsLandscape":"true","primaryFormFactor":"Tablet","publisherVersion":"3.23032.12","minimumRequiredApiVersion":"2.2.0","hasComponent":"false","hasUnlockedComponent":"false","isUnifiedRootApp":"false","sienaVersion":"20230328T104503Z-3.23032.12.0"},"properties":{"appVersion":"2023-03-28T10:45:03Z","lifeCycleId":"Published","createdByClientVersion":{"major":3,"minor":23032,"build":12,"revision":0,"majorRevision":0,"minorRevision":0},"minClientVersion":{"major":3,"minor":23032,"build":12,"revision":0,"majorRevision":0,"minorRevision":0},"backgroundColor":"rgba(255, 255, 255, 1)","backgroundImageUri":"/8968582128730257404/N295c6048-6fd5-4496-b94b-a2b7be1a68c2-logoSmallFile","displayName":"Onboarding App","description":"","commitMessage":"","appUris":{"documentUri":{"value":"/8968582128730257404/N5125f338-1cf8-4b5e-a841-85ed7e3c4b6c-document.msapp"},"imageUris":[],"additionalUris":[]},"createdTime":"0001-01-01T00:00:00Z","lastModifiedTime":"0001-01-01T00:00:00Z","sharedGroupsCount":0,"sharedUsersCount":0,"connectionReferences":{"35a04ce1-ca23-4dab-9b93-b8d60a755e53":{"id":"5e455b87-a109-42d3-b97b-56a95ae4b05a","displayName":"SharePoint","iconUri":"https://connectoricons-prod.azureedge.net/releases/v1.0.1623/1.0.1623.3210/sharepointonline/icon.png","dataSources":["Onboarding","Offboarded","Desk List"],"dependencies":[],"dependents":[],"parameterHints":{},"parameterHintsV2":{},"isOnPremiseConnection":false,"bypassConsent":false,"dataSets":{"https://faststreamgroup.sharepoint.com/sites/ITOps":{"dataSources":{"Onboarding":{"tableName":"80057806-7c17-437a-9ace-209be58f4777"},"Offboarded":{"tableName":"144203f9-3b09-4ead-b81b-d107b3a6d8a2"},"Desk List":{"tableName":"b2f6a3e2-8942-40f1-bc7d-e2f6844c0c6c"}}}},"apiTier":"Standard","isCustomApiConnection":false,"actions":["providers/PowerPlatform.Governance/Operations/Read"]},"925e93f0-6801-439d-bf4d-786c83d2ecf7":{"id":"967cffe5-8a9a-456e-9d30-f147e2e2ac4c","displayName":"Office 365 Users","iconUri":"https://connectoricons-prod.azureedge.net/u/laborbol/releases/ase-v3/1.0.1622.3202/office365users/icon.png","dataSources":["Office365Users"],"dependencies":[],"dependents":["baa12064-c3c7-4fa5-aa57-94e9702f80a1"],"parameterHints":{},"parameterHintsV2":{},"isOnPremiseConnection":false,"bypassConsent":false,"dataSets":{},"apiTier":"Standard","isCustomApiConnection":false,"actions":["SearchUser","MyProfile_V2"]},"8a68c349-f587-463f-83d1-c712bbf23208":{"id":"d2b87ba2-2899-46dc-a06f-4847e7226367","displayName":"Logic flows","iconUri":"https://connectoricons-prod.azureedge.net/releases/v1.0.1615/1.0.1615.3163/logicflows/icon.png","dataSources":["PDFCreator"],"dependencies":["61e5aa44-9cba-4595-a0ed-bc0d32396174","a9e17fb6-77d2-4df7-9ead-c18cdc5ab56f"],"dependents":[],"parameterHints":{"workflowName":{"value":"86323374-b4a0-480d-b4c0-5b284ffac266"},"workflowEntityId":{},"61e5aa44-9cba-4595-a0ed-bc0d32396174":{"value":"shared_onedriveforbusiness"},"a9e17fb6-77d2-4df7-9ead-c18cdc5ab56f":{"value":"shared_office365"}},"parameterHintsV2":{"workflowName":{"value":"86323374-b4a0-480d-b4c0-5b284ffac266"},"workflowEntityId":{},"shared_onedriveforbusiness":{"value":"61e5aa44-9cba-4595-a0ed-bc0d32396174"},"shared_office365":{"value":"a9e17fb6-77d2-4df7-9ead-c18cdc5ab56f"}},"isOnPremiseConnection":false,"bypassConsent":false,"dataSets":{},"apiTier":"Standard","isCustomApiConnection":false,"nestedActions":[{"id":"/providers/Microsoft.PowerApps/apis/shared_onedriveforbusiness/apiOperations/CreateFile","apiName":"OneDrive for Business","actionName":"CreateFile","referencedResources":[]},{"id":"/providers/Microsoft.PowerApps/apis/shared_onedriveforbusiness/apiOperations/ConvertFile","apiName":"OneDrive for Business","actionName":"ConvertFile","referencedResources":[]},{"id":"/providers/Microsoft.PowerApps/apis/shared_office365/apiOperations/SendEmailV2","apiName":"Office 365 Outlook","actionName":"SendEmailV2","referencedResources":[]}]},"61e5aa44-9cba-4595-a0ed-bc0d32396174":{"id":"9b9a30e3-e59d-414c-8326-3e5242273d67","displayName":"OneDrive for Business","iconUri":"https://connectoricons-prod.azureedge.net/releases/v1.0.1546/1.0.1546.2665/onedriveforbusiness/icon.png","dataSources":[],"dependencies":[],"dependents":["8a68c349-f587-463f-83d1-c712bbf23208"],"parameterHints":{},"parameterHintsV2":{},"isOnPremiseConnection":false,"bypassConsent":false,"dataSets":{},"apiTier":"Standard","isCustomApiConnection":false},"a9e17fb6-77d2-4df7-9ead-c18cdc5ab56f":{"id":"244c3cc2-41e1-423f-af8a-dbb7b6ca9677","displayName":"Office 365 Outlook","iconUri":"https://connectoricons-prod.azureedge.net/releases/v1.0.1624/1.0.1624.3220/office365/icon.png","dataSources":[],"dependencies":[],"dependents":["8a68c349-f587-463f-83d1-c712bbf23208"],"parameterHints":{},"parameterHintsV2":{},"isOnPremiseConnection":false,"bypassConsent":false,"dataSets":{},"apiTier":"Standard","isCustomApiConnection":false},"baa12064-c3c7-4fa5-aa57-94e9702f80a1":{"id":"d2b87ba2-2899-46dc-a06f-4847e7226367","displayName":"Logic flows","iconUri":"https://connectoricons-prod.azureedge.net/releases/v1.0.1615/1.0.1615.3163/logicflows/icon.png","dataSources":["CandidateApproval"],"dependencies":["5cedf865-5af7-42db-9fa7-0cbf90f61a97","925e93f0-6801-439d-bf4d-786c83d2ecf7"],"dependents":[],"parameterHints":{"workflowName":{"value":"49c7e51b-2f26-4e63-b1a9-a7ad505b5233"},"workflowEntityId":{},"5cedf865-5af7-42db-9fa7-0cbf90f61a97":{"value":"shared_approvals"},"925e93f0-6801-439d-bf4d-786c83d2ecf7":{"value":"shared_office365users"}},"parameterHintsV2":{"workflowName":{"value":"49c7e51b-2f26-4e63-b1a9-a7ad505b5233"},"workflowEntityId":{},"shared_approvals":{"value":"5cedf865-5af7-42db-9fa7-0cbf90f61a97"},"shared_office365users":{"value":"925e93f0-6801-439d-bf4d-786c83d2ecf7"}},"isOnPremiseConnection":false,"bypassConsent":false,"dataSets":{},"apiTier":"Standard","isCustomApiConnection":false,"nestedActions":[{"id":"/providers/Microsoft.PowerApps/apis/shared_office365users/apiOperations/MyProfile_V2","apiName":"Office 365 Users","actionName":"MyProfile_V2","referencedResources":[]}]},"5cedf865-5af7-42db-9fa7-0cbf90f61a97":{"id":"ecd814d7-2477-43b1-85f5-755656a3dc8c","displayName":"Approvals","iconUri":"https://connectoricons-prod.azureedge.net/releases/v1.0.1623/1.0.1623.3209/approvals/icon.png","dataSources":[],"dependencies":[],"dependents":["baa12064-c3c7-4fa5-aa57-94e9702f80a1"],"parameterHints":{},"parameterHintsV2":{},"isOnPremiseConnection":false,"bypassConsent":false,"dataSets":{},"apiTier":"Standard","isCustomApiConnection":false}},"databaseReferences":{},"almMode":"Environment","performanceOptimizationEnabled":true,"canConsumeAppPass":true,"enableModernRuntimeMode":false,"executionRestrictions":{"isTeamsOnly":false,"dataLossPreventionEvaluationResult":{"status":"Compliant","lastEvaluationDate":"2023-03-28T10:45:21.6310981Z","violations":[],"violationsByPolicy":[],"violationErrorMessage":"The app uses the following connectors: shared_sharepointonline, shared_office365users, shared_logicflows, shared_onedriveforbusiness, shared_office365, shared_approvals."},"httpActionRestriction":{"appUsesSharepointHttpAction":false,"enforcementStrategy":"Legacy","evaluationTime":"2023-03-28T10:45:21.6310099Z"}}},"appType":"ClassicCanvasApp","appComponents":[]}}