{"name":"15f6785e-25a2-4388-894f-02202f307e00","id":"/providers/Microsoft.Flow/flows/15f6785e-25a2-4388-894f-02202f307e00","type":"Microsoft.Flow/flows","properties":{"apiId":"/providers/Microsoft.PowerApps/apis/shared_logicflows","displayName":"PDF Creator","definition":{"metadata":{"workflowEntityId":null,"processAdvisorMetadata":null,"flowclientsuspensionreason":"None","flowclientsuspensiontime":null,"flowclientsuspensionreasondetails":null,"creator":{"id":"7ebfa0aa-48a8-47a6-83e1-c725b7b2b28f","type":"User","tenantId":"36722984-b9b7-4ee6-adbe-5d4a87e32e12"},"provisioningMethod":"FromDefinition","failureAlertSubscription":true,"clientLastModifiedTime":"2023-02-06T16:53:29.6107744Z"},"$schema":"https://schema.management.azure.com/providers/Microsoft.Logic/schemas/2016-06-01/workflowdefinition.json#","contentVersion":"1.0.0.0","parameters":{"$connections":{"defaultValue":{},"type":"Object"},"$authentication":{"defaultValue":{},"type":"SecureObject"}},"triggers":{"manual":{"metadata":{"operationMetadataId":"0378e733-4a30-4568-b21a-46a32318300d"},"type":"Request","kind":"PowerApp","inputs":{"schema":{"type":"object","properties":{"FirstName_Value":{"type":"string","description":"Enter initial value","x-ms-powerflows-param-ispartial":false},"LastName_Value":{"type":"string","description":"Enter initial value","x-ms-powerflows-param-ispartial":false},"Email_Value":{"type":"string","description":"Enter initial value","x-ms-powerflows-param-ispartial":false},"JobTitle_Value":{"type":"string","description":"Enter initial value","x-ms-powerflows-param-ispartial":false},"StartDate_Value":{"type":"string","description":"Enter initial value","x-ms-powerflows-param-ispartial":false},"Recruiter_Value":{"type":"string","description":"Enter initial value","x-ms-powerflows-param-ispartial":false},"Location_Value":{"type":"string","description":"Enter initial value","x-ms-powerflows-param-ispartial":false},"Brand_Value":{"type":"string","description":"Enter initial value","x-ms-powerflows-param-ispartial":false},"Department_Value":{"type":"string","description":"Enter initial value","x-ms-powerflows-param-ispartial":false},"ReportsTo_Value":{"type":"string","description":"Enter initial value","x-ms-powerflows-param-ispartial":false},"Salutation_Value":{"type":"string","description":"Enter initial value","x-ms-powerflows-param-ispartial":false}},"required":["FirstName_Value","LastName_Value","Email_Value","JobTitle_Value","StartDate_Value","Recruiter_Value","Location_Value","Brand_Value","Department_Value","ReportsTo_Value","Salutation_Value"]}}}},"actions":{"Compose":{"runAfter":{"Reports_To":["Succeeded"]},"metadata":{"operationMetadataId":"3d75a725-aa7c-4efe-a8d7-e66550c0d8ba"},"type":"Compose","inputs":"<html>\n<head>\n<title>Candidate Details</title>\n</head>\n<body>\n<hr1>Candidate Details</hr1>\n<table style=\"width:100%\">\n  <tr>\n    <th>Name:</th>\n    <td>@{concat(variables('varSalutation'),' ',variables('varFirstName'),' ',variables('varLastName'))}</td>\n  </tr>\n  <tr>\n    <th>Email:</th>\n    <td>@{variables('varEmail')}</td>\n  </tr>\n  <tr>\n    <th>Job Title:</th>\n    <td>@{variables('varJobTitle')}</td>\n  </tr>\n  <tr>\n    <th>Start Date:</th>\n    <td>@{variables('varStartDate')}</td>\n  </tr>\n  <tr>\n    <th>Recruiter:</th>\n    <td>@{variables('varRecruiter')}</td>\n  </tr>\n  <tr>\n    <th>Office Location:</th>\n    <td>@{variables('varLocation')}</td>\n  </tr>\n  <tr>\n    <th>Brand:</th>\n    <td>@{variables('varBrand')}</td>\n  </tr>\n  <tr>\n    <th>Department:</th>\n    <td>@{variables('varDepartment')}</td>\n  </tr>\n <tr>\n    <th>Reports To:</th>\n    <td>@{variables('varReportsTo')}</td>\n  </tr>\n</table>\n</body>\n</html>"},"Create_file":{"runAfter":{"Compose":["Succeeded"]},"metadata":{"operationMetadataId":"0e9d2aeb-ecf3-406b-8b69-8a0c29bc5688"},"type":"OpenApiConnection","inputs":{"host":{"apiId":"/providers/Microsoft.PowerApps/apis/shared_onedriveforbusiness","connectionName":"shared_onedriveforbusiness","operationId":"CreateFile"},"parameters":{"folderPath":"/PDF","name":"sample.html","body":"@outputs('Compose')"},"authentication":{"value":"@json(decodeBase64(triggerOutputs().headers['X-MS-APIM-Tokens']))['$ConnectionKey']","type":"Raw"}},"runtimeConfiguration":{"contentTransfer":{"transferMode":"Chunked"}}},"Convert_file":{"runAfter":{"Create_file":["Succeeded"]},"metadata":{"operationMetadataId":"321d9b52-84a9-4487-8e6c-2a52056801b8"},"type":"OpenApiConnection","inputs":{"host":{"apiId":"/providers/Microsoft.PowerApps/apis/shared_onedriveforbusiness","connectionName":"shared_onedriveforbusiness","operationId":"ConvertFile"},"parameters":{"id":"@outputs('Create_file')?['body/Id']","type":"PDF"},"authentication":{"value":"@json(decodeBase64(triggerOutputs().headers['X-MS-APIM-Tokens']))['$ConnectionKey']","type":"Raw"}}},"Send_an_email_(V2)":{"runAfter":{"Convert_file":["Succeeded"]},"metadata":{"operationMetadataId":"12461f4f-476b-400b-af08-b541a3d664ee"},"type":"OpenApiConnection","inputs":{"host":{"apiId":"/providers/Microsoft.PowerApps/apis/shared_office365","connectionName":"shared_office365","operationId":"SendEmailV2"},"parameters":{"emailMessage/To":"Rafal.Reed@faststream.com","emailMessage/Subject":"New file","emailMessage/Body":"<p>sample</p>","emailMessage/Attachments":[{"Name":"@outputs('Convert_file')?['headers/x-ms-file-name']","ContentBytes":"@body('Convert_file')"}],"emailMessage/Importance":"Normal"},"authentication":{"value":"@json(decodeBase64(triggerOutputs().headers['X-MS-APIM-Tokens']))['$ConnectionKey']","type":"Raw"}}},"First_Name":{"runAfter":{"Salutation":["Succeeded"]},"metadata":{"operationMetadataId":"8778f427-db7c-4be6-bf4a-049883484ea2"},"type":"InitializeVariable","inputs":{"variables":[{"name":"varFirstName","type":"string","value":"@{triggerBody()['FirstName_Value']}"}]}},"Last_Name":{"runAfter":{"First_Name":["Succeeded"]},"metadata":{"operationMetadataId":"15cf60e5-eae1-49ef-9bad-41523393f90c"},"type":"InitializeVariable","inputs":{"variables":[{"name":"varLastName","type":"string","value":"@{triggerBody()['LastName_Value']}"}]}},"Email":{"runAfter":{"Last_Name":["Succeeded"]},"metadata":{"operationMetadataId":"f8ced6f7-1aa3-4fe3-830c-2620621ba276"},"type":"InitializeVariable","inputs":{"variables":[{"name":"varEmail","type":"string","value":"@{triggerBody()['Email_Value']}"}]}},"Job_Title":{"runAfter":{"Email":["Succeeded"]},"metadata":{"operationMetadataId":"5af5b9da-060c-47ab-8f63-91cb093b3fbc"},"type":"InitializeVariable","inputs":{"variables":[{"name":"varJobTitle","type":"string","value":"@{triggerBody()['JobTitle_Value']}"}]}},"Start_Date":{"runAfter":{"Job_Title":["Succeeded"]},"metadata":{"operationMetadataId":"8181df95-71cd-4fda-b8dc-2f150c7b97cb"},"type":"InitializeVariable","inputs":{"variables":[{"name":"varStartDate","type":"string","value":"@{triggerBody()['StartDate_Value']}"}]}},"Recruiter":{"runAfter":{"Start_Date":["Succeeded"]},"metadata":{"operationMetadataId":"9c1282cc-e3fe-4e28-8594-a64b0cd1a2e2"},"type":"InitializeVariable","inputs":{"variables":[{"name":"varRecruiter","type":"string","value":"@{triggerBody()['Recruiter_Value']}"}]}},"Location":{"runAfter":{"Recruiter":["Succeeded"]},"metadata":{"operationMetadataId":"09e20847-3c4d-4933-88f4-4df44b0cc929"},"type":"InitializeVariable","inputs":{"variables":[{"name":"varLocation","type":"string","value":"@{triggerBody()['Location_Value']}"}]}},"Brand":{"runAfter":{"Location":["Succeeded"]},"metadata":{"operationMetadataId":"c9b2ce12-8a91-4709-95df-427df114ff5d"},"type":"InitializeVariable","inputs":{"variables":[{"name":"varBrand","type":"string","value":"@{triggerBody()['Brand_Value']}"}]}},"Department":{"runAfter":{"Brand":["Succeeded"]},"metadata":{"operationMetadataId":"b77008dd-85e4-434d-b0ba-69f6d7556762"},"type":"InitializeVariable","inputs":{"variables":[{"name":"varDepartment","type":"string","value":"@{triggerBody()['Department_Value']}"}]}},"Reports_To":{"runAfter":{"Department":["Succeeded"]},"metadata":{"operationMetadataId":"67cd6b3b-b091-45d7-b1f5-36977b0c1404"},"type":"InitializeVariable","inputs":{"variables":[{"name":"varReportsTo","type":"string","value":"@{triggerBody()['ReportsTo_Value']}"}]}},"Salutation":{"runAfter":{},"metadata":{"operationMetadataId":"5e2f277a-871f-49b5-8095-6806bc85c60e"},"type":"InitializeVariable","inputs":{"variables":[{"name":"varSalutation","type":"string","value":"@{triggerBody()['Salutation_Value']}"}]}}}},"connectionReferences":{"shared_onedriveforbusiness":{"connectionName":"e3d9f59fea9f453486c937b8f8c30f1c","source":"Invoker","id":"/providers/Microsoft.PowerApps/apis/shared_onedriveforbusiness","tier":"NotSpecified"},"shared_office365":{"connectionName":"8b3f7df0225240b094b4af68cec763e9","source":"Invoker","id":"/providers/Microsoft.PowerApps/apis/shared_office365","tier":"NotSpecified"}},"flowFailureAlertSubscribed":false,"isManaged":false}}