{"name":"6f8c5dfa-fa64-4771-842b-42abb7e236a4","id":"/providers/Microsoft.Flow/flows/6f8c5dfa-fa64-4771-842b-42abb7e236a4","type":"Microsoft.Flow/flows","properties":{"apiId":"/providers/Microsoft.PowerApps/apis/shared_logicflows","displayName":"CandidateApproval","definition":{"metadata":{"workflowEntityId":null,"processAdvisorMetadata":null,"flowclientsuspensionreason":"None","flowclientsuspensiontime":null,"flowclientsuspensionreasondetails":null,"creator":{"id":"7ebfa0aa-48a8-47a6-83e1-c725b7b2b28f","type":"User","tenantId":"36722984-b9b7-4ee6-adbe-5d4a87e32e12"},"provisioningMethod":"FromDefinition","failureAlertSubscription":true,"clientLastModifiedTime":"2023-03-02T15:45:21.7628339Z"},"$schema":"https://schema.management.azure.com/providers/Microsoft.Logic/schemas/2016-06-01/workflowdefinition.json#","contentVersion":"1.0.0.0","parameters":{"$connections":{"defaultValue":{},"type":"Object"},"$authentication":{"defaultValue":{},"type":"SecureObject"}},"triggers":{"manual":{"metadata":{"operationMetadataId":"d4bc77d5-519b-4e39-86e2-b38f5e18a86b"},"type":"Request","kind":"PowerApp","inputs":{"schema":{"type":"object","properties":{"Salutation_Value":{"type":"string","description":"Enter initial value","x-ms-powerflows-param-ispartial":false},"FirstName_Value":{"type":"string","description":"Enter initial value","x-ms-powerflows-param-ispartial":false},"LastName_Value":{"type":"string","description":"Enter initial value","x-ms-powerflows-param-ispartial":false},"PersonalEmail_Value":{"type":"string","description":"Enter initial value","x-ms-powerflows-param-ispartial":false},"JobTitle_Value":{"type":"string","description":"Enter initial value","x-ms-powerflows-param-ispartial":false},"StartDate_Value":{"type":"string","description":"Enter initial value","x-ms-powerflows-param-ispartial":false},"Recruiter_Value":{"type":"string","description":"Enter initial value","x-ms-powerflows-param-ispartial":false},"Brand_Value":{"type":"string","description":"Enter initial value","x-ms-powerflows-param-ispartial":false},"Department_Value":{"type":"string","description":"Enter initial value","x-ms-powerflows-param-ispartial":false},"ReportsTo_Value":{"type":"string","description":"Enter initial value","x-ms-powerflows-param-ispartial":false},"DeskID_Value":{"type":"string","description":"Enter initial value","x-ms-powerflows-param-ispartial":false},"Parking_Value":{"type":"boolean","description":"Enter initial value","x-ms-powerflows-param-ispartial":false},"CandidateID_Value":{"type":"string","description":"Enter initial value","x-ms-powerflows-param-ispartial":false},"OfficeLocation_Value":{"type":"string","description":"Enter initial value","x-ms-powerflows-param-ispartial":false},"VehicleReg_Value":{"type":"string","description":"Enter initial value","x-ms-powerflows-param-ispartial":false}},"required":["Salutation_Value","FirstName_Value","LastName_Value","PersonalEmail_Value","JobTitle_Value","StartDate_Value","Recruiter_Value","Brand_Value","Department_Value","ReportsTo_Value","DeskID_Value","Parking_Value","CandidateID_Value","OfficeLocation_Value","VehicleReg_Value"]}}}},"actions":{"Salutation":{"runAfter":{"CandidateID":["Succeeded"]},"metadata":{"operationMetadataId":"06095b81-9adc-4878-bc1b-553cdeb96fd2"},"type":"InitializeVariable","inputs":{"variables":[{"name":"varSalutation","type":"string","value":"@{triggerBody()['Salutation_Value']}"}]}},"FirstName":{"runAfter":{"Salutation":["Succeeded"]},"metadata":{"operationMetadataId":"6d43374c-df43-4afd-aca0-cf789cc83a0e"},"type":"InitializeVariable","inputs":{"variables":[{"name":"varFirstName","type":"string","value":"@{triggerBody()['FirstName_Value']}"}]}},"LastName":{"runAfter":{"FirstName":["Succeeded"]},"metadata":{"operationMetadataId":"a2ffec88-e4b7-4740-a7c5-5d0fa8885982"},"type":"InitializeVariable","inputs":{"variables":[{"name":"varLastName","type":"string","value":"@{triggerBody()['LastName_Value']}"}]}},"PersonalEmail":{"runAfter":{"LastName":["Succeeded"]},"metadata":{"operationMetadataId":"045fde42-d36d-4cf4-bc80-dffe77b13828"},"type":"InitializeVariable","inputs":{"variables":[{"name":"varPersonalEmail","type":"string","value":"@{triggerBody()['PersonalEmail_Value']}"}]}},"JobTitle":{"runAfter":{"PersonalEmail":["Succeeded"]},"metadata":{"operationMetadataId":"2b10da90-e0b3-4515-92ad-955dbc849d5b"},"type":"InitializeVariable","inputs":{"variables":[{"name":"varJobTitle","type":"string","value":"@{triggerBody()['JobTitle_Value']}"}]}},"StartDate":{"runAfter":{"JobTitle":["Succeeded"]},"metadata":{"operationMetadataId":"1292dd06-a5a7-4384-974a-fc08af1837d2"},"type":"InitializeVariable","inputs":{"variables":[{"name":"varStartDate","type":"string","value":"@{formatDateTime(triggerBody()['StartDate_Value'], 'dd/MM/yyyy')}"}]}},"Recruiter":{"runAfter":{"StartDate":["Succeeded"]},"metadata":{"operationMetadataId":"3a11aebb-d6ce-4f5f-ae3f-9d66f986f947"},"type":"InitializeVariable","inputs":{"variables":[{"name":"varRecruiter","type":"string","value":"@{triggerBody()['Recruiter_Value']}"}]}},"OfficeLocation":{"runAfter":{"Recruiter":["Succeeded"]},"metadata":{"operationMetadataId":"82c32e93-b7ee-4234-852b-a93ba6aa414c"},"type":"InitializeVariable","inputs":{"variables":[{"name":"varOfficeLocation","type":"string","value":"@{triggerBody()['OfficeLocation_Value']}"}]}},"Brand":{"runAfter":{"OfficeLocation":["Succeeded"]},"metadata":{"operationMetadataId":"72934f63-641f-4aa9-9691-db46aa2b7fd4"},"type":"InitializeVariable","inputs":{"variables":[{"name":"varBrand","type":"string","value":"@{triggerBody()['Brand_Value']}"}]}},"Department":{"runAfter":{"Brand":["Succeeded"]},"metadata":{"operationMetadataId":"ff60f7ac-7088-4a21-8fbf-d005940e6c01"},"type":"InitializeVariable","inputs":{"variables":[{"name":"varDepartment","type":"string","value":"@{triggerBody()['Department_Value']}"}]}},"ReportsTo":{"runAfter":{"Department":["Succeeded"]},"metadata":{"operationMetadataId":"cb6e12b6-9d14-4a01-93ec-d08b40f79cf6"},"type":"InitializeVariable","inputs":{"variables":[{"name":"varReportsTo","type":"string","value":"@{triggerBody()['ReportsTo_Value']}"}]}},"DeskID":{"runAfter":{"ReportsTo":["Succeeded"]},"metadata":{"operationMetadataId":"dc526b30-fb7e-42ac-923a-141ebcc681a8"},"type":"InitializeVariable","inputs":{"variables":[{"name":"varDeskID","type":"string","value":"@{triggerBody()['DeskID_Value']}"}]}},"Parking":{"runAfter":{"DeskID":["Succeeded"]},"metadata":{"operationMetadataId":"42a7de2c-2c58-4828-b086-81e375b19ca4"},"type":"InitializeVariable","inputs":{"variables":[{"name":"varParking","type":"boolean","value":"@triggerBody()['Parking_Value']"}]}},"VehicleReg":{"runAfter":{"Parking":["Succeeded"]},"metadata":{"operationMetadataId":"8165b03a-5df6-405f-a01e-6d6820b86464"},"type":"InitializeVariable","inputs":{"variables":[{"name":"varVehicleReg","type":"string","value":"@{triggerBody()['VehicleReg_Value']}"}]}},"Start_and_wait_for_an_approval":{"runAfter":{"Get_my_profile_(V2)":["Succeeded"]},"metadata":{"operationMetadataId":"59d1f1f0-e66c-486f-b84d-a327569b8b66"},"type":"OpenApiConnectionWebhook","inputs":{"host":{"apiId":"/providers/Microsoft.PowerApps/apis/shared_approvals","connectionName":"shared_approvals","operationId":"StartAndWaitForAnApproval"},"parameters":{"approvalType":"Basic","WebhookApprovalCreationInput/title":"Please check details of the New Starter (@{variables('varOfficeLocation')})","WebhookApprovalCreationInput/assignedTo":"Rafal.Reed@faststream.com;","WebhookApprovalCreationInput/details":"Hi,  \n\nCheck the New Starter details, confirm Start Date and Approve/Reject.\n\nPlease use Ref:  @{variables('varCandidateID')}\n\nPreposed Start Date: @{variables('varStartDate')}\n\nName:  @{variables('varSalutation')} @{variables('varFirstName')} @{variables('varLastName')}\nPersonal Email: @{variables('varPersonalEmail')}\nJob Title: @{variables('varJobTitle')}\nBrand: @{variables('varBrand')}\nDepartment/Team: @{variables('varDepartment')}\nReports To: @{variables('varReportsTo')}\nOffice Location: @{variables('varOfficeLocation')}\nDesk ID: @{variables('varDeskID')}\nParking Required: @{variables('varParking')}\nVehicle Reg: @{variables('varVehicleReg')}\n\nFor any questions please contact Internal Recruiter:\n@{variables('varRecruiter')}\n\nMany Thanks,\nOnboarding Team","WebhookApprovalCreationInput/requestor":"@{outputs('Get_my_profile_(V2)')?['body/mail']};","WebhookApprovalCreationInput/enableNotifications":true,"WebhookApprovalCreationInput/enableReassignment":true},"authentication":{"value":"@json(decodeBase64(triggerOutputs().headers['X-MS-APIM-Tokens']))['$ConnectionKey']","type":"Raw"}}},"Get_my_profile_(V2)":{"runAfter":{"VehicleReg":["Succeeded"]},"metadata":{"operationMetadataId":"a33e5b66-122c-409f-a033-6d924c34d50a"},"type":"OpenApiConnection","inputs":{"host":{"apiId":"/providers/Microsoft.PowerApps/apis/shared_office365users","connectionName":"shared_office365users","operationId":"MyProfile_V2"},"parameters":{},"authentication":{"value":"@json(decodeBase64(triggerOutputs().headers['X-MS-APIM-Tokens']))['$ConnectionKey']","type":"Raw"}}},"CandidateID":{"runAfter":{},"metadata":{"operationMetadataId":"e660b468-21e9-4b74-a9fc-7d349029c1cc"},"type":"InitializeVariable","inputs":{"variables":[{"name":"varCandidateID","type":"string","value":"@{triggerBody()['CandidateID_Value']}"}]}},"Condition":{"actions":{},"runAfter":{"Start_and_wait_for_an_approval":["Succeeded"]},"expression":{"equals":["@outputs('Start_and_wait_for_an_approval')?['body/responses']","Approve"]},"metadata":{"operationMetadataId":"dda8c74e-c66d-4d6c-a63a-c8027c441622"},"type":"If"}}},"connectionReferences":{"shared_approvals":{"connectionName":"shared-approvals-92c3c036-22e9-40cb-a667-414b604c65fb","source":"Invoker","id":"/providers/Microsoft.PowerApps/apis/shared_approvals","tier":"NotSpecified"},"shared_office365users":{"connectionName":"888443cff9eb4f07aa5f1d44e83f8f82","source":"Invoker","id":"/providers/Microsoft.PowerApps/apis/shared_office365users","tier":"NotSpecified"}},"flowFailureAlertSubscribed":false,"isManaged":false}}